,0,1,2
0,5.4214515472382905,8.109455060479984,5.8300848178639
1,9.958053784047454,1.2803787497557344,-9.48791443173247
2,13.818323513803143,12.064413874140836,-1.7723941380020816
3,52.88452323457622,53.431680845993334,4.2318734006115815
4,-5.677532479197556,1.8287801128754124,6.533471126353977
5,22.832114075319524,29.611870729449457,4.440283059696153
6,-36.345561822221235,-39.4607587094765,-3.670450285575475
7,-13.601535871985671,-8.73466926576977,3.0540101032275078
8,-9.740241561687961,-6.117965774171895,2.2170552972453406
9,-21.038506246894606,-17.883340648751417,6.091523134722482
10,-11.501373518251615,-15.77093415252259,-5.251594666536568
11,-21.260578112481184,-9.479835510408652,7.92957378332807
12,-25.9570964441781,-31.7909518198994,0.05651161903802149
13,34.23650914885931,46.092560445484494,9.711420838893666
14,11.59290952912991,12.376186772444438,1.8252985347467277
15,20.789470123864472,28.2370608477456,9.293474875085106
16,9.887298847096949,0.2563764241557571,-5.141792126396888
17,24.571735483957067,22.50315518248384,1.4993173585831725
18,2.7473856405829333,1.9558877347105244,-0.6309080517034364
19,-29.484785754073584,-29.4936705452474,1.5079275639351137
20,-7.91237057418628,-11.988822662878967,-10.785020579932857
21,-2.134940470263043,2.679607423281266,4.345181889153977
22,-3.2196126656561694,2.7004636734338927,2.529043263419852
23,15.553515053869406,19.613839017019227,1.5248208870087665
24,39.653013995108346,32.37922825575274,-2.617093187299062
25,-16.44766753580732,-10.894463621844706,2.009893403339875
26,13.283123677852494,12.865630408757713,-4.787090539243014
27,-15.135769363586832,-12.143626557747908,0.5320244203429244
28,-9.20511812156432,-4.0944623712551955,4.803431826856402
29,-14.36704185227679,-17.828281714153952,-3.336057240955586
30,-10.257060045823685,-8.59405129747025,1.5338902159613876
31,-7.933115841262188,-9.126850569215968,-0.8669943036414989
32,44.92254165379757,47.063212197274126,2.2580625843461033
33,34.80306518868778,35.818811189089026,-1.369596564864578
34,4.320784152344991,2.7168588766753294,-2.2843407156747024
35,-9.3044876612665,-10.182271490436975,4.361965980661314
36,2.2174665579923816,5.037754723749662,2.1735476073844313
37,12.285617747168402,9.195529391082728,-4.6292457991044875
38,-29.857492929809226,-17.299717515713017,8.363883725898404
39,-16.49538123669595,-25.13731508012308,-5.856308702163393
40,-23.407181740692018,-28.740778154066422,-3.8271954519294757
41,37.43201983595511,41.220016431581826,6.945932511273192
42,25.747799957258135,25.287483036535576,1.128686783613821
43,12.201090941603223,16.49182938954182,4.795102799428522
44,4.099288939095368,2.7271375093313894,-1.3088392545882401
45,-5.912706316537957,-5.306679730080079,3.7294272872635035
46,-20.381142746946505,-32.14505415381375,-10.451404301505187
47,-18.944386688226825,-18.39142481886291,1.0745659804221819
48,22.869671653502998,10.887489358192456,-8.01625329649868
49,-9.887908208455963,-6.039114567066008,6.5492375452342255
50,19.736698247802284,26.366462004366394,-0.24229512212460724
51,-10.53679021649621,-14.824108865832466,-4.054305803622625
52,-5.22426099924191,-0.9325393296958181,2.3375310445649897
53,-21.31851643753181,-19.338080303189123,7.628595334310215
54,28.262743227880236,21.633225786603933,-7.10450383888762
55,-10.816180085623486,-21.64817732272406,-6.845317530853465
56,-23.62714604828665,-20.29245702622811,2.181035991327652
57,-32.945972740799185,-30.094423985542075,-2.048725583094302
58,-50.40658059166573,-51.70543692189714,-0.8959140650503257
59,27.284808910878358,25.45119419062169,3.2554757136190844
60,6.767092311272952,13.67482980002929,8.801076954550672
61,-13.323313009020245,-14.48616672632515,-1.6599453494865835
62,10.974898210731787,14.35031061481243,4.833979423671782
63,33.49238367345026,37.27185530395936,3.3151712176513226
64,-21.621661195206816,-22.259375700288334,-0.20432716178110158
65,19.163742684693663,18.904982653779847,-2.8752305680729835
66,-6.578832648145347,-8.131069009348753,-3.7814968526923565
67,12.669075710442755,4.837629095393285,-7.521496708725109
68,25.855624600368365,25.705727492217797,0.8303913193547494
69,6.888315889765728,0.29159762354997554,-2.689042917694124
70,-7.766509042291807,2.9101296641283163,8.32838516777723
71,-6.287918208200151,-4.063096455323168,2.751826543217135
72,-16.951338013615217,-15.123417314732595,3.984838147526678
73,4.6523705629253795,-1.9357372402219175,-8.37848919664224
74,-9.906958328541766,-14.770898083535926,-3.494329332200052
75,-0.24823480074494997,9.152203198795032,8.80451879546537
76,-23.984635562997887,-24.991155870196543,-0.03500737390207059
77,5.661954906828028,5.765943631685551,0.3032443060171006
78,9.385228099095144,7.51282616934567,-3.650641232073492
79,16.8912104942507,15.149491489975526,-2.3870424442441545
80,-39.53000892596021,-43.25406452879915,-4.7842047795774985
81,-9.85140933510986,-12.372103976777304,1.1752018123895251
82,12.78493301925214,11.077835865558416,-2.2876427078898147
83,28.070320121079327,27.412111144440853,-2.8724129810410695
84,-22.673661449399443,-19.700331917322398,4.800335986377066
85,-11.115622960112677,-4.305766362842059,8.447941482733116
86,66.57923768645786,59.603178587962205,-0.5943703761972894
87,-13.155594198933292,-13.403754260123769,-2.7740438659192934
88,-17.3223885760642,-15.15325190680918,-0.2899811155872789
89,17.230635005556806,22.358163550953538,4.574720792225777
90,18.08996161162049,13.455718333827567,-1.7024003239045749
91,-11.390279772969576,-8.689741261388233,0.24921818513494498
92,35.201800886008904,33.429169397010575,-4.216327665619584
93,-5.01059513564858,-1.0003078306447224,4.5504221191664955
94,-34.38027938029109,-33.21394282776101,1.3810096340976827
95,19.653203329231328,18.170054835387685,-2.296030902617002
96,-9.802225897840312,-2.7134884107520008,6.2433841484952515
97,57.76127027615089,46.72224508763135,-11.89388871761634
98,4.45715730080582,11.14912264304269,6.736445570306251
99,10.80464397246852,-2.2818885735130254,-10.29878955758484
100,-6.4391196543582065,-4.616605042281501,4.839377559815508
101,6.631704687925113,15.260898094908686,4.031569636719837
102,-30.46624197970211,-38.235133760044434,-3.755894480430033
103,20.45725329646784,15.607470831245069,-5.440598539750948
104,-7.885106979543004,-9.467547137845003,6.359307825747198
105,-36.890848610650586,-35.21797346705086,-1.497348149105767
106,1.2226842202802901,4.9929556492868175,4.4355548610088915
107,-4.126967758592162,1.6797660689779688,6.243654133887399
108,4.327879786651316,5.44198287076142,0.3660231637206744
109,34.84663863867883,39.83814995148088,5.133082066325286
110,13.23457920036591,16.693100638443493,2.2289912133490635
111,-8.652557144833272,-3.3269663771408426,5.523376447855909
112,-32.2316655267155,-31.97575049214238,-1.6907276895359655
113,28.901445073421247,28.033264066013757,-3.4566827053294453
114,-7.632402647722348,-6.940488949161158,1.258831916300805
115,7.712503633975213,10.337605063658538,0.16033371114859563
116,-5.486236631930833,-0.014949559710159432,0.6745711047460474
117,12.085555711684155,12.669292557132586,-0.6580885231292893
118,6.263158194334512,6.924349869514679,3.283929813576571
119,7.83996592574158,13.08591896028056,4.389039590739929
120,-44.1612890507775,-36.98505649622461,3.553476995350475
121,7.824449990678667,0.5917957159450122,-6.660040803419482
122,-4.611936625164974,-5.188303175468289,-2.7545586160378273
123,0.7286573342282682,-2.477961982103895,-5.624289136476116
124,-2.660907864399474,4.393845880214753,8.298128467885196
125,19.979937248135464,27.394116204867164,6.027237507608305
126,6.518612076381827,8.672324085812336,3.0650380070021357
127,11.64968014812364,6.718807565589779,-4.210028998076291
128,25.64016716151342,16.06636945701376,-7.71311800014254
129,-16.20099333746827,-4.188539231287365,8.836107807134937
130,1.1605269153624627,2.2779082593739113,0.8930447618819669
131,-25.703844202128252,-20.787987559391446,2.963082949018589
132,11.007341662856014,16.335814012355346,7.3049141666803985
133,-10.14043961387048,-7.967272401936464,-0.35234111338036345
134,-30.124378635266016,-39.67643124160081,-4.228618957387159
135,7.247931333998274,17.38642158631059,8.545812766353404
136,6.113485272386833,1.4391043117161326,-3.2508315396438965
137,-12.743334639486246,-5.874575291957742,3.7564998772378537
138,23.18230977731427,24.0372623700086,1.7892498107582735
139,39.91135117104061,35.46559345268363,-5.550009549217704
140,-5.374348004952429,3.6816175264819933,11.526504160447155
141,-33.46745917301804,-31.080809393921196,3.832698667153512
142,-15.203213325029338,-24.518024435818408,-6.297273350336582
143,-18.71636965976435,-12.947638862497067,6.196501141264716
144,7.606585506640592,6.961001587915305,-4.749300280416357
145,0.05757126699959336,12.20506620316027,6.604450685072804
146,-18.456637937641936,-16.657687412778415,2.309191766330559
147,7.08092747825739,12.584115797185275,-1.0810603046191232
148,23.388250669489743,28.977646459326714,3.691528458882898
149,3.263370304156064,6.699476319488617,5.453609905904766
150,10.999029405996005,8.968185085061426,-0.9776186112884575
151,-18.177056366869788,-13.584705288187623,0.3911134767012274
152,10.788046293390307,3.66666067672926,-10.777047996199537
153,-8.191437885985694,-0.8922747740490523,5.455258838823762
154,-3.8618283295326825,-13.299102888748893,-7.9259715473229875
155,13.930503167850384,11.290366351661019,-2.5753212610770646
156,-24.018456574754754,-19.896740954171722,2.0318899452899966
157,-25.31929526022266,-17.121867558488663,5.602699963695658
158,42.00903555766807,34.877688234783434,-3.8007708898245243
159,7.538802364407852,16.114567309760496,4.332788047584115
160,0.20700464937176033,4.125457905872693,2.6601994045660438
161,-9.222189029670645,-14.88620231781657,0.05845870379230278
162,17.95172439665147,17.167512173619375,-5.825879478048424
163,-48.22748867619367,-35.94193392053551,9.06099440869955
164,-9.019242027073112,-4.051299806701989,3.4017467383967013
165,-5.5200378428820125,4.023729772818423,10.829763218866882
166,9.75774410141235,11.723094463522022,4.21825262880677
167,-21.639284373684042,-21.328851903263548,-4.135988154495223
168,14.193196785880973,12.590071136187865,4.180805606426763
169,0.359022327483516,-1.2156448156992674,-0.7700864260316418
170,-6.390825003747117,-9.68577452874437,-1.395004100512878
171,0.7245709183835075,2.497024029904617,4.226386024789482
172,20.116875693655505,19.08585843408319,-2.3154949283067294
173,-33.47803922392524,-32.40375494224362,3.6140798206636817
174,-15.4132045689088,-14.039132093276052,-1.7218949126487948
175,-6.711740283855433,0.27359096618442913,3.723277373637842
176,-15.476479804182258,-16.648744809085848,4.117598895271971
177,-19.7540281895989,-13.351688557157823,0.3176805321198115
178,-2.2543665118532834,-1.4818987918642628,-0.2885692082735236
179,-21.119680893544416,-16.302219157314138,6.480317300715462
180,-23.31815782573105,-30.484900926044485,-3.612173731331389
181,-17.645645261443963,-19.177007140911737,1.8097644297676712
182,11.57843362199958,19.445478963756745,7.49977970169136
183,30.028749426288023,28.77402484797516,4.874548526122501
184,8.929624537928966,17.711075143980544,9.013072039371506
185,10.7359896752517,13.87614367317869,0.20462985598058936
186,31.63105453211894,38.2034273523093,4.408585479207241
187,4.066982119683567,-2.3669420247643993,-4.169761600661783
188,-23.80473430711733,-18.084305082886658,1.875079127903235
189,30.585544399352173,30.888282662787113,5.152292440794849
190,14.669415040443571,24.208131423883295,8.110551948121175
191,25.744819892675746,28.463410679557512,2.101298788639215
192,-16.114995164690775,-9.150379518427831,0.5740057137829928
193,-30.471025089888325,-34.19677314343162,0.7140697103599523
194,23.669314438812826,18.965450719749708,-2.912681217242932
195,-2.682802429132775,-2.150707103268026,-0.6280765239723574
196,4.221094094700055,3.8560147378967695,1.8115044551775967
197,-5.697994569895572,-6.331966373642919,1.4960631259638122
198,-7.283855681468138,-8.701306329290132,-0.10156106398340958
199,-32.40826364589842,-36.72965046293031,-0.6732811984367544
200,29.087681418029575,34.778794688289885,6.4961044957795355
201,4.951009688996536,17.29787231430495,11.293504972815875
202,-30.26587983239282,-32.3592111631111,4.344725286839855
203,-8.32914532389088,-9.056563208551676,1.5521745613728102
204,5.044509973134724,5.666495881165967,0.88929672363774
205,17.565407319534685,17.66653011639991,-5.357864469329527
206,31.637051024882886,35.54752745188309,0.12176867848903239
207,18.171090352770655,24.619106971125902,6.120614721087401
208,-31.51641556303869,-31.140316700944762,-1.1002811449117111
209,18.433974812444276,19.228812798987743,-3.0462884491618123
210,-47.42668670350032,-45.07336131010114,-2.8895505194654145
211,22.78344230696805,21.292866756764486,-3.7798055140814277
212,23.891134428756175,18.629750050416536,-2.9722832223371283
213,26.12268297303752,23.774252461220982,-4.434171161399475
214,-25.26542479454256,-26.576505056766283,0.35306870109107713
215,-6.545919205265954,-7.932844031273547,0.2578601490899441
216,-12.057075026688986,-8.164164747015127,3.0156717168197384
217,9.911640250014917,5.934033554483805,-1.776366787443413
218,-8.932971395418104,-19.067563947351225,-3.2331741812666253
219,-14.86471135246783,-18.29405648238834,-1.9605045477014018
220,1.4013642125089039,5.733586782047593,1.9250948753538233
221,4.636979283738836,-2.7584338041222054,-6.11741757302024
222,-22.174133770640406,-33.19974310424424,-6.794183076920114
223,3.38559603604192,15.021076422866576,11.494099666195604
224,-19.328968078248415,-18.137491439931875,0.008450243497829246
225,-6.274605734702398,-6.9660283641362435,0.6051679876818656
226,-12.836103289820155,-17.47149668587684,-8.047270911926855
227,-7.955666666050758,-7.074496075831183,3.0520660477362505
228,7.144650127561755,5.868894741901513,2.4709462524447017
229,-47.56777905119269,-47.94606792024006,-1.7087570436153177
230,10.78541749132963,8.779587368782172,-1.0111175325156168
231,-6.463557768760376,-0.14821820805052785,6.8189742494871926
232,27.409222036296057,29.5333975813864,7.109793647684195
233,1.524138879295375,3.8127864915213014,1.2831444180715705
234,7.36581169694415,7.589147279261815,-3.939934807047724
235,6.645529968462971,8.94310136450013,4.392694859428265
236,-35.46843349243894,-39.22891601782744,-0.8954980807648182
237,-3.0873587200365176,3.288766143869376,7.000341374596315
238,12.61627595028581,18.64939156194386,5.883687678306612
239,-19.35263972024966,-21.92600158491934,1.2747095516442062
240,-1.0948768195000742,4.5131279115960785,6.171519518632957
241,-3.8038575724482913,1.240248790310489,4.719580855246156
242,29.781521229683076,35.99990215771211,4.221482571241191
243,0.14498849879348752,1.224027839189251,-2.3226800919443433
244,33.73370780452907,35.02859426356079,3.9032466963493855
245,22.54688873530791,14.890783168114353,-9.440032321708639
246,7.399003497568266,4.029817205782688,1.8166653793371839
247,-3.1089295158254964,3.977660650029405,14.496583465072739
248,34.17418406775195,36.18401846522423,5.526735246446989
249,9.156365993019428,9.913934377226882,-3.8432251378531808
250,6.404037440698599,12.013613653202265,2.4205929758450404
251,-6.646013390203534,-23.168697017449794,-9.440724304154053
252,-27.7469186178088,-18.83659596169395,8.473532856441317
253,-20.033958024943704,-27.44372019268407,-7.740746563835541
254,-31.70434461591111,-36.688513235001636,-0.35224284880884027
255,14.170098259186084,9.041500792569902,-5.712912356311013
256,-2.8069026268240522,-2.626931255272234,2.708458278437893
257,1.0261891828000924,-4.458726981129044,-10.137552451326709
258,40.09932566171344,37.752987256517784,-4.3841438391658505
259,13.807860145122879,16.032519444631138,-0.20188325680476882
260,43.9624629118964,51.8350079792954,8.734365070183683
261,20.40130196814107,15.037778439663594,-5.153586503029331
262,30.172976948551973,24.245149761721073,-3.744030484584889
263,-23.342540630002734,-24.911915028756255,-1.640136212546191
264,1.8164532131060753,1.8075920432561894,0.5392377539962184
265,-6.225726194009859,-12.564331914359466,-2.8454064708020113
266,-2.1117600703569552,1.8885566012741533,4.218401106078945
267,4.995116860965394,1.774666203717896,1.447418000489846
268,-8.283321498317104,-11.751719496923792,-4.335744946854292
269,-26.45099009882036,-29.53030512266088,2.435858574155427
270,-36.7010165411145,-38.16562866633969,0.0359681283699721
271,-18.600206716924152,-20.237031287680537,-3.4569009924793352
272,-7.264557209532518,-8.411087678452501,-2.8936863325781887
273,-1.257880347522353,4.038426253775754,4.7522199718703755
274,-33.78751776667795,-28.986930924651876,1.6281454415542351
275,-16.14018416996196,-23.411444745456027,-13.375594750696427
276,0.4838460409278139,7.303092989455035,9.298164833008045
277,22.993152522476827,18.266881579647034,-2.036419919393536
278,5.31029812652077,11.400031625466022,8.42147902503567
279,-2.222000170835037,-2.1851036219069506,-4.8296096760281415
280,9.2966469436496,5.389445707460247,-4.5748544905072865
281,-22.882439510828245,-23.191717481180714,-1.4725018513122052
282,17.133816659811792,7.1361772799211725,-10.384297768700725
283,-27.671886818290517,-24.098125712231823,3.3671133848579484
284,39.747118630976175,45.4341496530317,3.915514884205991
285,28.42240741997264,32.98154521368755,8.433988641434741
286,-0.18586200474897763,-0.921005477051543,3.362130483150958
287,-27.888426581277574,-21.065640141288533,11.63703196589099
288,8.276298236390739,4.940621125293274,-0.7264357113719624
289,-25.78245816326165,-32.63168246216552,-4.3795258831538675
290,17.898974645372306,14.008271099067024,-2.6881395813152977
291,11.59679908912535,10.491942151268253,-0.41271690058899557
292,-5.750073238343342,-4.1701917134695,3.46198358557
293,9.245518578737016,4.3196422817182505,-1.4507754251549656
294,-44.017612769115566,-43.108058188042435,0.9066005623609903
295,5.231289318375039,5.4534428306904665,0.8556731807903375
296,37.57082458272309,41.27348953111077,9.11613587581275
297,-0.09360072405064607,3.9883944800354003,2.8510428406497197
298,8.501564765544883,10.776646424278102,3.1097131222037193
299,4.743324827045875,1.0128103247292957,-4.4395548703689816
300,-12.026249431613419,-9.013980967873872,2.660305928002717
301,18.0534816279452,10.356079480992364,-2.235961642279123
302,-19.196313324738927,-29.946140713476435,-11.995821589519707
303,32.46535656230909,35.977103759222004,8.522194250702722
304,12.388088606865665,16.61868805333204,3.9794341216889686
305,-27.654084497082607,-30.609632035005113,-7.873766115511919
306,51.51835785484281,49.95190557178144,-1.935072101849965
307,12.776655298232427,6.192478774041322,-2.3370688833296094
308,12.718512759914319,5.094448883674032,-0.5699498898294064
309,16.52184932831735,18.22050335711948,-1.6284074560219264
310,28.484607146141478,32.62930537034915,4.578031194899609
311,-55.439580322951464,-61.24623004094268,-3.0422886665749163
312,6.918622270949427,8.802463492312269,0.06864955069793133
313,16.09682206375412,7.352424258835135,-9.099296050408588
314,-0.004567361981582474,-0.6596291481964707,-5.717401015208943
315,16.05054254292127,17.829620169922503,6.721428110422778
316,25.255085583626773,24.749003367135256,2.488859195355085
317,6.4617805259084715,-0.5191923460661767,-3.89228284667303
318,-16.24200614650554,-10.05442255694685,2.6886141208406147
319,-3.1331491371978974,-9.749959011489308,-8.325248942646022
320,-1.1467334549128296,7.172153293202291,7.576500318976735
321,6.060848044954106,15.939659337682075,7.175534842975967
322,-31.725308644163785,-28.518959009371393,6.13577030103275
323,14.968824509695208,29.910230375467034,16.723129433074625
324,-0.28638433925177276,1.2055531738300034,3.561926204260839
325,10.199205905506625,3.9191035163115147,-4.864078015927253
326,-31.592716003018985,-37.62985368781944,-3.551685539649698
327,22.9381204165044,19.437709529330704,-5.1443662257665315
328,5.45385224216882,4.1559126076248525,-7.727684694594465
329,-32.44430359759298,-23.732355030967785,7.280177683158532
330,-21.45924101712025,-17.43291569576689,2.47377875572667
331,-5.342499964383087,2.2969265810900197,7.007932666145839
332,-41.58766486069402,-40.01225304824445,1.4006567439727458
333,20.22327354433856,18.014077724742105,-0.8814817717266831
334,17.679770340134517,19.525652058250735,2.8550821651080964
335,4.462902847665794,-1.2298076443760548,-4.620179085663426
336,19.082508536731584,16.798076808445447,-3.4004840986111624
337,-16.4466511838507,-21.20499249478921,-5.987480326572038
338,18.028827634269014,21.4576353616231,0.6156242674892044
339,-4.42903769544271,-6.399098109071538,-4.1931171825993525
340,16.86644761233975,16.093187335898918,-1.4170084428693206
341,39.21822733780755,40.410947602626955,-1.24037190516539
342,-20.73939948290915,-27.706795815423497,-0.5034937190376056
343,3.3978422965752606,0.055495395529254865,-1.946180425104104
344,-24.583892765901975,-22.448826643535973,-0.35221668142655344
345,20.159696985020307,16.844600579401497,-3.4664683421206672
346,-13.612906692063994,-10.025550623820035,6.635535467333442
347,-15.317739547295552,-16.372657986194437,1.2300504674943653
348,0.5460372187962141,1.0730036225448407,2.6650235149577925
349,-18.482846499411984,-11.004068855166542,2.6124928995539394
350,2.974361773383146,4.575131897334883,4.42529221972346
351,-25.074064085505952,-29.13005560953106,-2.449653021803364
352,34.61179398056664,35.610134211659364,-1.3962810235856156
353,-10.715420305661,-15.461516056073712,-3.802622827094581
354,-32.61950000765755,-32.4326690956057,6.898474437025209
355,-12.111258850410703,-16.389283606107274,-0.6974239254056025
356,5.689781293997882,9.48601788736425,0.4179011765350962
357,-8.294627070269875,-5.266583532796568,3.582902072063634
358,6.571899555275668,12.741384604875954,3.466625016370025
359,36.779920937500755,34.13312153546407,-1.7478357094007326
360,-22.38338969850542,-24.84313308058865,-6.187265671851124
361,32.30271877295209,34.43025060112576,6.035594133486159
362,13.934963427310565,16.80912073682975,5.963382268341373
363,17.529227964891774,14.677594548757702,-3.6128066042212854
364,-13.725794489816174,-22.0399835603821,-5.249621616292475
365,-40.349300227073,-46.65861252978022,-4.8900416386440915
366,-28.393131271947453,-16.471808385298274,6.924717743678493
367,29.64288909352378,26.912801725147432,-3.3546118924650834
368,21.028084617519447,21.57943196691362,8.687654099250759
369,25.365568566138077,18.598399865014727,-5.157083212769358
370,0.37866057442474543,4.009645637075218,3.578899482819777
371,9.15018988962856,3.665789646598463,-3.5300312466575052
372,-23.847973000190173,-28.120937370329347,-2.0330226643295464
373,-11.19618565232927,-6.413860344988308,0.3730652149765843
374,12.947808739049893,24.055788222953748,13.221041185210506
375,-19.14902851838848,-21.452170968031563,0.8856022872295113
376,23.844451880717244,27.71814541934059,1.6139248844427192
377,0.07672576768606909,1.9215701935193028,5.287773310266601
378,-20.058942560786583,-15.600502088757674,4.315626443000854
379,13.798212264213914,8.094153622381866,-7.085256187466979
380,-81.68801510609848,-85.00085384021733,4.2141302911819025
381,-8.717269829716146,-16.28702066631781,-6.6064368310681445
382,3.933821052669029,0.34808140136923627,-3.7866436874943874
383,32.89813469002361,37.58542031502082,7.371075883181
384,-17.987258449519476,-23.86172680117327,-10.186819703273668
385,-4.963940706083498,2.5535301397132737,7.573406618839486
386,-1.1309602569332982,7.989269328245486,11.223877796487415
387,42.46418337764795,43.56072128956767,2.734582557188914
388,-6.039638910171916,-7.318048883300756,-3.81093409486105
389,-22.61951056837361,-17.24114618207433,-1.5337448391299309
390,-3.9609507422496266,-3.1663328286468158,-1.2003290903908428
391,21.157672578403783,23.302676928364697,-0.5609965334110482
392,10.09688723363376,-0.9782717513154089,-11.971651875085797
393,-16.575775361999312,-26.69530975713282,-12.115478724630398
394,-0.40376274505544224,1.322840400319906,0.49501116467251105
395,-14.146540440622326,-13.496509347807185,0.054677475382336777
396,-21.309324677430507,-28.699700916766425,-7.40327755243174
397,10.680083701572634,11.201448735847919,0.3122525385209784
398,-6.95898520940477,-4.195917259113395,4.0443192465666
399,25.565768136290163,22.62258368685596,-2.5276826350496746
400,-1.9587753441556583,-0.13956426055651722,2.484239371389286
401,4.604683106511456,3.6895185202192495,2.57035148367944
402,-11.943329066623614,-14.729998194059851,-2.376783827620948
403,-10.899132863554012,-6.757205156973713,3.9475225450214864
404,-38.97105991718255,-38.081436985991054,-4.716858445407041
405,7.704900120458996,10.86836389891175,2.3438726730303965
406,4.118022543770794,10.078263415465278,6.968613776092074
407,-3.5317123667552854,10.96857651790937,16.15577974162023
408,-40.76018771133844,-38.19028984999002,4.800727524216958
409,-13.66382810220782,-9.989646693522097,1.5849604523580965
410,-1.76744519511011,0.694263911415794,5.560363130352818
411,-16.698925029409164,-14.247842841052616,-0.18078917944518003
412,31.753299656788567,38.55130913550029,3.9593100280737943
413,13.915263155879515,19.84090432832213,4.414976466950065
414,-7.798420988201521,-9.390609901138731,-0.3234575699283604
415,-0.6448914901833884,-5.540207799597126,-1.3431285645389783
416,1.6798917571132037,10.531041589914878,4.795188066495441
417,9.242878816799848,-2.0486360708981333,-8.259154779376583
418,26.04613021869778,24.365834889938625,-7.109741887382404
419,-24.215052699109442,-20.88290894161129,-0.6739941667991028
420,16.064773345819244,15.75973112505701,2.567173288716955
421,-13.125359119272614,-24.18991603914486,-12.68684235000852
422,0.6583209882060721,-1.243112713720831,-4.197962189794893
423,-14.464493153501271,-21.76397119396936,-3.4349994070058507
424,-45.87698100496836,-47.84073093569381,-1.4390261105462565
425,-19.312215337937726,-22.230205615345575,-3.45446636546015
426,-31.967752785561526,-38.075440998761735,-6.265142220873872
427,-18.636832429180316,-17.705520467092907,0.6250832148336835
428,-15.24774733080924,-25.25210693075179,-8.395134275020625
429,31.494962330285677,30.482248688009246,-3.7557229911577226
430,29.373195860173244,29.221339699791763,-0.028192969632634214
431,-0.17059669130776123,0.830589852595353,-3.5542510650897476
432,-1.1330734340744186,-5.654978655796939,-4.880140053387443
433,-4.684362615994944,0.7692954904848954,8.6000102797435
434,1.9178494026262227,-5.469000094140007,-8.472642765488795
435,4.843669129866962,-5.913248180769349,-11.053747688646746
436,0.6404423766442512,1.4092051725285821,4.609164346334708
437,31.340197459224377,35.613902776651486,4.050275858952419
438,0.5314487029701722,5.989805987975643,6.490278197593175
439,21.782194367853375,23.707102334257144,3.0614616260234073
440,3.0783386334306524,2.9347318885426414,-5.190588522322322
441,32.84535518995864,36.796591364379104,1.1549104281114562
442,9.26112097578823,7.592639695230956,-2.888637425941074
443,-0.34044996124963456,-4.904831112215698,2.7925276629906794
444,36.36016543184335,33.81922995682756,-4.873765538262741
445,10.599335827629815,16.340451877268656,4.675257206600545
446,5.205600829083691,-2.028340973890114,-6.212966364375983
447,21.970552816037802,31.916761056424093,4.037971459685647
448,-6.96031122221172,-4.300241940862826,2.394905882129376
449,15.899149207084365,14.435291882592528,-4.282153816414452
450,-16.999263131766213,-21.509139114566626,-6.564019076179089
451,15.037450995010634,8.734182434490307,-7.902153229606636
452,4.370077248247435,8.970567922509044,-0.7288353940337959
453,21.875022011313256,21.720719125874616,-3.422845573612787
454,15.68128486752597,13.947063040136022,0.7527195034768324
455,-9.845046910517578,2.6231866826273658,8.9209175865115
456,17.011641866097694,12.035187688991915,-5.254115883147491
457,2.666712562474568,1.310754176858221,-4.56913830022971
458,-4.289392467466794,-5.668847859645094,0.21134336460885927
459,5.6081079905082545,13.420349810280394,5.9083770082788805
460,49.04393337398369,47.08077221476026,0.9016728938836036
461,7.435531514741532,8.757040087955186,-3.0048297465309988
462,7.5259289845665505,5.701877413456046,2.2076476978211925
463,-1.7938741151519952,-9.155685519986394,-7.221416589070451
464,15.60479846663213,10.977475755308257,-3.4605924265100247
465,-14.507799871347288,-4.675597808658891,4.739196737776046
466,-10.870477661473613,-8.655962018591351,-2.2387218391971535
467,1.3301129117179242,3.9075360181377943,3.695432151491648
468,22.786086922285286,24.817998277459804,1.0126425722691579
469,38.21563432556897,41.62479613440465,6.173751874774431
470,-3.357227328066234,0.08175197889375907,0.1997149122759425
471,21.457279815648846,37.074195688624194,11.18878555080783
472,-22.77066098718566,-20.628438232382617,2.641912347724138
473,-1.0975501007771564,-12.77809737411621,-10.909846617138461
474,-24.645453722201758,-22.24037185955248,3.8383279607639995
475,5.974695103600801,0.14463078192544,-3.8683590334536975
476,33.4425187263102,40.90747319737367,4.116445811101405
477,6.45569541400542,4.700669630663103,-1.362542600445624
478,6.0264643552731485,7.274241359705448,1.783187481905157
479,-14.330841345284957,-10.170840009704564,1.9217611956466876
480,28.906365349516935,36.52387533527812,5.3213234470474315
481,-7.742832850640177,-12.479701275912074,-10.84622758136649
482,17.618458720565158,22.40862519244519,1.7465391131847448
483,7.588024941454694,16.741123504051075,7.24670609379168
484,-29.791904757643042,-29.676612996583938,0.18634867618534937
485,-29.25339275510504,-35.17583877474322,-5.377336787628659
486,-3.1660131727240506,-3.924784551905902,-2.6035969422975627
487,-16.90209317775409,-8.74719278665778,4.442637019468339
488,6.46352173160087,11.442578999385871,6.818046891582806
489,-28.673240166315498,-19.09966326510587,8.353480914009085
490,6.337398441431576,3.7961363403553507,-3.019699836843958
491,-10.433551007740165,-10.328216685618377,1.063607653394378
492,-5.749410860029862,-10.75986763624435,-3.2528190892329114
493,-58.94798237891887,-61.60394818864701,-0.29507478331355774
494,-38.43745028111506,-46.20968199934863,-7.033803791293261
495,29.566185647845423,25.974551921897422,-4.260572224026834
496,57.39673830883642,61.16580810831121,-0.08710893394535901
497,2.6897604049158303,6.243615375407162,-1.678784295479519
498,19.472224622903095,25.52111284651753,0.678384064099159
499,16.58369378234319,16.04131261323044,-1.2361632600021921
500,-12.01207952230518,-14.986429085502179,-6.739016415722732
501,7.480171292541908,16.58790018544157,5.13629521286852
502,21.427688610574123,17.27678895778636,-3.849222340841761
503,-7.4179649533554235,-7.517959652061383,0.614077254088788
504,-24.24434630057706,-28.191639680260753,-4.868767623272876
505,-23.86023561778494,-23.96152541992306,0.5360303480298243
506,-13.299343837623626,-15.87510469434099,-2.600990117713918
507,0.7664320993973881,0.26743873675498886,4.919300825903157
508,30.714001130656783,26.906335354767847,3.049782528484473
509,18.548904582078542,12.849089484754904,-9.13197695502713
510,35.45928897441064,38.067626966815205,3.7545130399055515
511,29.317519859569426,29.1733785678015,-1.3875906906623166
512,-5.902876794112066,-6.355258046105947,0.1412200564913208
513,-41.22002287642939,-34.50626830162374,4.08247196161696
514,-1.0426032216400407,-12.397108217953107,-11.140305386259211
515,0.6491271812933377,3.3270775192994133,-1.144517381983217
516,-10.542466645277567,-14.54317487460957,-1.040573063009361
517,-22.409628211427172,-18.41131034748338,4.081542322132941
518,-8.252397008511268,-14.96968359922983,-11.05259312799283
519,13.270780975726293,18.70197885324381,3.231017995377297
520,9.519875743663556,4.957684756412978,-4.075827751819534
521,7.9377414845733245,2.7777892064603025,-2.378012591567085
522,32.22477639832461,30.410055303083354,3.1967482819537665
523,20.12716452430744,27.420628485971307,6.2156890751546126
524,-5.774932395254517,-19.22113224717082,-6.790569128632436
525,-22.469143420620746,-23.168151742605957,-1.2617877662910293
526,-17.86346055666739,-13.84362101985127,0.0015035729533139364
527,47.112467870737675,46.23437050354201,-3.715850665678464
528,21.529979310387148,13.308500900290046,-5.144295957766251
529,-12.019844289544231,-8.27849253085065,4.585717819848492
530,5.2691795187342105,4.971177882312166,2.0343594279196413
531,-31.35749580127383,-26.153213209839695,2.280431384053341
532,-1.566157605108728,8.906883238360422,6.634733928405678
533,16.693270901552104,16.033307830965988,-2.55098947835784
534,-29.461017087921885,-29.89690401652322,0.2769570439958256
535,16.3757841947482,5.158501635956096,-7.616404203500842
536,-12.0563462502619,-13.565931321907593,0.9247925504472887
537,9.452873256353975,8.269435890449708,2.7435336428457386
538,16.53358963555907,16.412709421229334,-1.6062877548324517
539,-35.20118886830655,-39.59574261336409,-8.553537434873096
540,-17.402192557404977,-21.080056306319516,-6.836761139037639
541,-7.967686032103599,-4.285416041454222,0.19470730891087173
542,-15.011481426441561,-12.179682810525613,-0.0498568414147329
543,-34.66506530963289,-32.225425852777164,-1.8493506753628948
544,14.785181043557658,16.61391807861217,6.38305981059582
545,-12.2961511187725,-10.164508865551127,2.196441888112586
546,-38.295981227305205,-41.6684890912659,-2.0108225841468763
547,-6.903285569022123,-7.968003216751434,-2.9395315270889175
548,-21.66331537137374,-22.806327402904213,-4.215984556617593
549,-3.5446996426744017,-13.752667481917527,-3.4157194309663947
550,31.769745956149002,31.851648468251767,1.2924945909473524
551,-0.6517111549174888,-4.1290743218510855,-3.5134013131282846
552,-0.10061627821381905,3.3865611292212576,3.610399450732913
553,31.911875928461154,21.689860752979683,-7.873946680228747
554,29.30351607092682,32.954185339857816,4.535828293108672
555,31.17640889783856,30.372488336318902,-4.372972456826261
556,-28.745233999449173,-33.95675864330958,-4.982744453547496
557,-9.412744250471548,-7.109769287320717,1.6686952621024318
558,13.705985852527427,11.898697852449898,-2.240425352900134
559,-18.31427946456937,-12.445367749584735,5.18837768595259
560,-8.649214041681859,-9.792889257725406,-1.1194389295987452
561,17.41459734457924,24.987584707801314,4.775382798792309
562,-8.008517473961213,-5.66338812897792,6.774870028991034
563,14.044750523389961,10.315166408757818,-5.228845290099421
564,-34.02991341147467,-27.40050176099295,4.174252011045479
565,-25.66269478294063,-23.416840175099626,-1.4509481409468539
566,-5.933422724454353,-3.598112548894469,0.11898433712841383
567,26.310566650873106,25.79194194405573,-0.8390025244039003
568,-6.813264257808448,-6.27296506718272,-5.1201477090371466
569,2.7069170474749966,0.09854730860547578,-1.6651471628639771
570,-15.332710767658904,-17.64014479581542,-3.882179270686683
571,-9.77346285612255,-5.410175123936712,3.0040199468256867
572,-41.60580842204351,-37.950872224575605,3.800626396979616
573,11.232739737376061,8.84480984959114,-2.872058665246975
574,-16.064388430786813,-23.507906441147075,-10.272327625235686
575,-13.746812689032451,-16.86335057924397,-5.4059681685842556
576,-5.139664931443359,-8.217861158361224,-2.8653349081639323
577,0.4498355444322051,0.02266879470364369,-0.9480089180088336
578,-21.69282986916332,-14.92557144654014,3.3480477165829683
579,15.661619708796774,13.494469065372233,-5.160637866584175
580,-22.736988719620143,-15.591772710435945,1.5835071971505292
581,15.236795369577735,21.148523220772734,5.264897142857349
582,-16.75164781014813,-16.05422234705558,-1.3264854759401963
583,2.262479768261294,8.453226825431003,1.196007262919606
584,8.795591451900592,1.345955759832046,-2.182087415841023
585,13.55269817738823,12.64566720140597,-2.1627147203916985
586,-30.079425848860495,-33.3821933351761,-3.533227890598514
587,-8.133278451959063,-2.7603749268512576,8.75247580234987
588,4.775246539460895,-0.9468928723516749,-5.46783609118425
589,3.8680767096450817,4.031387129491474,-5.229596754892847
590,-6.6126914077205425,1.2227733672292898,10.025499054833254
591,-23.20698356945497,-23.473302285910744,-5.942368597870848
592,2.290957059811257,-3.4028171239855327,-6.037350108685063
593,20.595906340687723,3.9290597750262473,-13.349878125063338
594,-12.929135098390143,-19.557833848959792,-3.1848558412734786
595,17.37828901941713,20.884570799447744,3.827322958544735
596,1.9516873090865008,6.025612519040397,5.356193737370982
597,-6.170520638150298,0.7402789205732703,4.991165036605895
598,-10.740776815211142,-9.17524706841004,2.7460190272492144
599,20.0718718585199,17.76977846561789,-1.3195551384830448
600,-18.00551179221623,-23.4510371690546,-1.6371372340647183
601,36.10876125412811,25.5689868000729,-9.959693575825312
602,7.57862457999737,5.160361328182544,-4.315631384724851
603,-33.79677530215858,-36.602848372799095,-4.430659103247644
604,-18.57106924764661,-21.627038309275623,-7.663397121271085
605,-4.466725039414763,1.253038342734511,7.425791028404633
606,-1.711897488178794,4.552697211233836,-2.120912855482071
607,2.9319696808625233,10.093476537936109,10.358485175181949
608,27.033430977796584,27.70570469372806,-0.8716363646211686
609,-17.581859367588898,-5.650638489328779,12.446708272504273
610,-21.01111688219065,-22.5657886147955,-5.412918751621854
611,-12.39884144448877,-12.101795817199223,-3.8510920221509073
612,4.676631147898078,-4.2196363405965815,-7.180717178572168
613,0.8764418235466165,-3.3537897389416655,-0.5633228833977726
614,-15.678837527447728,-14.281427948981827,3.8501445267961563
615,-12.995984125656475,-13.119831821463011,-0.8202384037852661
616,-9.292365640008608,-2.8811472361960773,6.073820623455837
617,24.242916295519585,29.183664195126294,5.426199963272343
618,12.480230545226595,16.702787679237197,6.412335941012253
619,11.243952437899859,0.21037546514613714,-6.419623680921928
620,-11.276656776262456,-19.014441622370637,-2.412996242666893
621,3.3157294167674154,-5.670099803162446,-6.339101832957488
622,42.80149637564172,49.278262374484264,7.608256763640676
623,21.05552404289962,25.090334291700355,5.68165678852589
624,16.246075470272103,14.625289315995301,-4.845706855038733
625,-16.583700013509567,-8.509570861749364,12.206771811348649
626,-24.25343572468264,-28.830690253010722,-2.115146139382997
627,-8.63098193671646,-6.501164325684821,-1.995959585762772
628,-1.430856569321043,-6.53079930667818,-0.5300834004888797
629,-1.8716678949080943,5.233547286492258,3.77528784820655
630,3.6596879495819152,-1.1519019867505402,-5.228237925346623
631,-7.473069145333724,-5.651889958543965,-1.1016527611792102
632,7.0735999503885365,-3.9763517608598447,-10.35871971807142
633,23.64963649344406,22.998782768073127,2.7771708930424563
634,9.268181472906496,7.111392858589213,-2.3039272672743936
635,-7.320240927640438,-9.132307035626223,-1.5225324538039728
636,5.44065264210802,12.507961106739321,1.8090997512024418
637,-25.86789189006138,-30.2106415733523,-4.135978955063776
638,-3.8139417920547123,-9.859854587031698,-3.8110051506356895
639,24.191535346907287,23.752829036760897,-1.58389174335016
640,-19.921131422627393,-30.789027781487086,-10.233841498210435
641,-5.366710415319423,-9.85877400239838,-6.185579070909871
642,14.338592793478423,8.423782031042284,0.20244655213813822
643,-5.235611381839201,4.019338975186824,6.320626971616375
644,-28.99267534770059,-20.927262372630345,2.013142081418715
645,-20.50356263495087,-15.291203552026568,0.6473439761342881
646,-9.411490697824467,-11.321502864254821,4.434459871881934
647,7.6338300339441165,8.673022181104201,4.380524064208625
648,-18.812690225758985,-19.27716602959734,-4.272768900366074
649,0.37318226239578617,-3.0989596158015593,-3.7742935809868854
650,-25.04268406367518,-21.874316191749063,4.38452194756613
651,2.5978972599488332,-4.213634504534749,-9.353856784666668
652,16.483979661340076,15.161396569498802,-4.903270377743891
653,25.047543950367654,17.80942116587818,-8.42296748508033
654,-0.27985885815233735,3.2255261608997188,5.944474941281193
655,12.961218415370478,16.492723128848272,1.05453045063397
656,-44.07930310879116,-48.47998297343078,-2.7328328670845385
657,-4.159989173373207,0.7029344211317153,5.878597104414498
658,40.926870785614085,42.28228380469424,-2.217642281906556
659,-12.593573340751128,-5.72554927437215,6.534989717948455
660,-12.020055610226947,-13.28532770238495,2.2336902118077426
661,2.8541013645099063,-1.129664097870116,4.843368250813455
662,26.5666865803983,33.509826856989065,5.606214252881427
663,33.15995616356183,30.318322907740278,-4.127018017447107
664,-7.82592971221238,-4.498350003826219,3.508690151291982
665,1.9978561772852022,-4.7525265034065844,-4.0964128910401065
666,-10.459303703772516,-8.303349957251736,-3.6300937095730794
667,-31.05601170057428,-39.117619276809975,-8.893479472356075
668,-4.634589233269075,-9.419225810596712,-4.95400106364189
669,-6.500042818484808,-12.824989689043703,-4.270610474103596
670,14.403312156821272,12.449648548493421,0.35109788128265984
671,-4.489163335757996,-6.387177382013608,-1.5476091150902067
672,18.402803807081963,12.754689519489578,-8.106002362375179
673,-16.86429693933511,-16.42817327840595,1.961594514793686
674,-50.763961682510434,-40.5580214029677,11.06240638372489
675,20.654183270250662,23.9182421695646,5.493802696802199
676,0.6144720537399352,-1.802677501291575,-0.2091365134388049
677,11.256331446961287,12.540221873723278,1.2481258773432624
678,3.757929012583303,-1.372944325317327,-5.535221994472655
679,-5.844156818891811,-5.01615139465282,1.4928236511287352
680,-6.5815103321796915,-9.074095801037425,-0.09421804842795667
681,4.462372298446198,4.869959033903472,0.4839765531917092
682,8.223711459594993,9.632630544085572,-1.1674382014611333
683,9.54420813569303,5.002062125316328,-2.9606312536995922
684,-17.811216732218526,-17.55273506139223,4.505069414100407
685,14.479669777140034,12.003038821246356,-6.481733080929072
686,10.19178179131106,20.30881700490463,9.798667988424153
687,-15.56270126513525,-15.766711714608345,-2.2490337879246556
688,-3.2621445091466232,-7.383954249080295,2.0614007979059523
689,-25.90474740293003,-23.61856724205827,2.0495963814574067
690,-2.4577897554461505,-0.49373165792514706,3.7174858951330423
691,17.193677440967196,19.803962049259955,-1.5881046043162999
692,4.7602342713564205,-1.3200141107286165,-9.165416895271385
693,4.278064006095396,1.4172704712939654,-0.8934899176270111
694,9.56878644499969,-0.9275325271078988,-7.737359974583057
695,15.809512582578408,12.936609983909857,0.8177221302176146
696,11.781991721782068,5.591740790529103,-8.07394944417277
697,-1.2898001573286093,-6.666388479875236,-2.919063845959657
698,2.947724212163685,2.092314067596138,-0.19226724650551802
699,16.678580208409997,20.59404495307681,6.040134248415503
700,-17.393952604983753,-10.948968225540167,5.905814926171023
701,7.31056749380177,2.534591747223706,-5.702596488503149
702,26.039457144177664,27.35139828111709,-2.539896874254984
703,4.591254659282417,11.883467282058625,10.592506026878695
704,37.286639924732675,40.68295896555808,4.515621817903085
705,-23.750370746837728,-14.070393803227516,7.945949787170411
706,-5.045115667063255,6.101328007989826,8.209135587279855
707,-22.942482204442978,-14.466289087994026,6.153293046009681
708,-1.264824876624248,4.46106764051331,-0.3143021873366554
709,6.812978498982563,-1.2333223832880358,-8.049503140504417
710,-24.15873248857905,-34.152308869115714,-6.907197106483526
711,-6.524588533476588,-10.899946249294906,-8.572226101653506
712,-44.44984841801636,-37.72670828474029,-0.3936017106355427
713,33.41764148399092,26.17399151359138,-8.884349698020195
714,-0.13063583859564598,-4.049417934763674,-1.5114358277281696
715,7.516041624362386,11.864351542532706,5.285516945792433
716,-27.005743221372548,-33.98026796550397,-3.220101389346878
717,35.997522650184806,39.55763777232296,-1.2269512834323164
718,-27.806113435753836,-29.863305547062748,-2.0698253079340008
719,-6.639384643845837,-5.053168387259924,-1.8727948759766166
720,3.394901275424613,0.2837764841238297,-0.2600516525699861
721,1.4434138614472833,-3.6467841322513967,-1.0331860686773762
722,8.81100519311532,5.191061262233827,0.383235841377362
723,-4.382451857992325,-12.063959382829516,-7.678721668315463
724,1.5777419942651076,4.135058881210837,1.5271288602374704
725,29.885045996566554,32.27934239490751,0.17624894366247934
726,19.267614078124797,23.817819973077164,0.33599063283547426
727,-49.410388435018874,-51.655522096832605,-4.335914960519438
728,-38.70548521727508,-42.033869195696695,-4.6582510688905145
729,-31.94345707685138,-33.491935368269246,-1.9526986168279497
730,-17.225095423902964,-15.737361957327447,-1.3283106338230466
731,32.49643843657589,29.807048269784804,-2.4861560760817722
732,-9.481570431086185,-5.228049623203299,3.7910769850016988
733,-53.59688174866986,-58.82334547774595,-7.673186316638232
734,-19.384898871775285,-12.467832845551394,6.838869401516892
735,-16.757123791097897,-15.74413223375457,-2.142719255642506
736,-4.549663688617648,-7.690908669665196,-3.1040004168113566
737,14.62048976581236,18.337425625499247,0.4961138312001021
738,-4.741197918361568,-9.492746116603831,-4.814976956436936
739,-7.4624428946773325,-11.888424147153518,-5.2001238034783865
740,18.326582267601054,15.217898422012246,-5.211738827395655
741,30.36978919484967,25.215190352266635,-4.145807592488291
742,-20.315510117490643,-20.70662013132665,-1.8228875492785894
743,-14.553944669809903,-22.654182604280848,-7.548204311872398
744,11.077788290023104,12.993024465658559,-1.505286822005162
745,-21.659036334215106,-22.032181299034157,3.0362094674664846
746,-8.38422230427673,-2.2854481325815943,8.046227296127157
747,-12.770833229094888,-11.386308048286446,0.07397638899641978
748,-12.60711623158534,-7.140404342988774,4.1076588270034335
749,19.120990831728356,16.609734856552873,-0.5290573740050051
750,5.109656202394369,1.040282894137596,0.6501966780999714
751,-33.07440801707615,-31.955057969803587,-0.23620657023160477
752,-9.668010664446385,-19.81725600646114,-6.578709909964226
753,-13.580427595493903,-25.646732564140024,-11.101517354035867
754,7.109284732000088,9.786322049246872,-1.2257463656560064
755,13.456022946873983,15.646863719002187,3.3120669607376394
756,-13.031577020987188,-16.276692190327445,1.6252798672828659
757,-15.810584971278674,-10.376882633162959,2.675530468854869
758,-7.323303527499552,-16.831582212895086,-8.840960469141235
759,8.080258092432393,9.569201121883724,-0.692441369901062
760,-5.223023122562472,0.940405623066312,9.928924042773087
761,6.7759012011095905,1.4429545553995806,-7.635878901537994
762,17.08759859032115,27.16274431674716,7.324470936541373
763,7.969862434269988,12.605242580260718,3.2022283911831146
764,-22.746443136220794,-25.836453114696692,-9.61030436802246
765,6.0344468241867935,6.313680027012086,1.167003758616509
766,5.5831067972683135,12.85850978590081,5.446197158848775
767,-40.54629869462792,-33.90630656008895,0.5326794407773021
768,-11.528534850066725,-10.348640571928174,-0.48747453696492016
769,-39.808020890376014,-34.91557547306006,4.917938017091149
770,-66.01061205888179,-54.636087779297185,2.4993686470015994
771,-17.341946926263287,-17.34078038061206,-1.1422258826610088
772,3.5083032921559703,4.801411995064894,-1.5684649536166766
773,14.893955847537427,12.158722935945645,0.010723303374112425
774,0.9141071157865264,-8.477705134082973,-11.839268387177137
775,-6.148815253755847,-9.993388549510872,-1.1078363457051421
776,-1.7478626069308232,-2.912959177213435,-2.66925153376583
777,-32.11644197547132,-35.7803116106597,-4.304695092612692
778,4.303251393749342,4.07064946197398,-4.449180185463854
779,6.9913271418438105,8.670626371650439,2.347518812905564
780,6.241823955526426,8.14027265956891,3.1138403188267736
781,-5.776384614403815,-4.42680607805453,0.05449410841569369
782,-0.5889613985327888,-9.816154783436083,-2.850059212673812
783,4.469709714596898,-0.5863734412942924,-3.336794454578515
784,-16.519876098092887,-15.216720859022365,4.775469667865804
785,-5.964194753560258,-5.810696369316969,0.7827801963457014
786,51.17885138173815,56.28606013019721,7.94665436693081
787,-31.668462365870322,-35.01965602202704,-5.285883216385788
788,10.936348032414513,10.986009419700796,3.0427497621688238
789,5.72151351407957,10.83015918116605,3.786233050928015
790,21.223402105734635,20.119062145866852,0.2874655591212388
791,-10.765077622918218,-11.92842888832438,-1.3542737031423702
792,4.5033343340475405,-8.65474655010991,-14.624791960554932
793,8.643776749157873,8.680993262343017,-1.4570849262349501
794,-55.65920189714475,-47.58438163177661,6.0918148436350315
795,-4.289567682703199,5.051250728491123,4.453859633793511
796,-17.87187012891033,-21.178681941555332,-0.3159169721695222
797,1.3189107745138196,10.401298602660228,1.5580647594120474
798,13.142440194957278,22.419348445319525,8.421145493964577
799,0.5584516958198994,-1.29909149540869,1.128185071497335
800,-8.422730113583432,-13.76432678471436,-3.0898374711305667
801,49.13106963237256,52.8011282785173,6.144598611565316
802,37.520091939904816,34.61627224692302,-2.9704967546879515
803,-6.957416181897027,-2.4243033501855464,1.763966723935603
804,-20.904901831680654,-16.463250659415785,4.090864972014228
805,19.708781256784867,38.419183399758914,13.029901410940168
806,-33.17102574621243,-37.40945458391514,-5.3082475391949515
807,23.50324015061921,22.4382523569568,0.27324442651286507
808,-3.591789288017494,-2.8620110175097624,-0.2221546880571627
809,-6.806399565967878,-8.792359521647018,-2.7007904796692213
810,-8.65795095726005,-5.2621541569221675,2.7128018040527513
811,6.791840850301988,-2.8264793101775947,-6.164339639285814
812,-20.539533860729836,-22.981841154803696,-4.907562731741011
813,-16.9943414172107,-12.79252703804267,3.174164572298762
814,-18.72750299344892,-8.588412358601179,9.32568832164506
815,-7.214561861809145,-2.5613289667385395,9.853753832262104
816,30.51422361864719,29.081433615535435,-6.147833580012315
817,14.052073707651545,11.727171281114106,1.5657074759214589
818,20.52266157107893,23.36151795519223,5.749512881037151
819,20.140783905374054,24.038951102213275,3.2971348937251745
820,11.71525523760355,13.88451958511659,5.059204753505759
821,-3.4429603403061173,0.08964724334264196,4.909274071253754
822,-33.44916740525015,-33.85767103710944,3.909588723087839
823,-4.586571348826158,-5.604813750298508,3.0176262343263796
824,-11.0213465018267,-0.5313271701847548,3.0606008488878076
825,10.98617065583307,6.970412679646956,-3.2300331320808047
826,20.319046559482974,21.558536113768863,2.188628389278201
827,19.69143881059935,15.662376991551659,-0.17348272400804565
828,-14.55980694793923,-18.416097378808526,-2.2593436843814123
829,1.0720289607834985,7.698566566829188,8.457960264536393
830,14.214639119667563,12.236097488977512,-2.995895178915691
831,1.7604397027623977,6.136097343394558,-0.055926638983434085
832,40.69407603184701,39.960545083742474,-0.3089910790481249
833,-11.181826866769232,-15.327849613251544,-3.186301915208817
834,9.274341389818945,11.526345261470624,1.2528591311371406
835,8.857051436165932,8.20845492045153,1.4059482095466707
836,-34.614522924988805,-28.424363171176598,1.0839158002896403
837,8.11374927463206,12.742140583347517,4.288853571602977
838,0.8055502487261141,3.0850464990585715,-1.3592304517581821
839,-30.090103432856942,-27.761334565728976,-1.649434915844954
840,-3.099681156913983,-8.266941871585828,-3.8021668620163616
841,34.57671239406984,32.60330725006704,-5.784154988214551
842,49.282167870244315,54.439105773327505,5.68691590299061
843,44.59636781188379,44.21290592587743,0.8978324242264804
844,21.1037510780138,25.553729889382563,1.070700485852907
845,-5.715850442619059,-2.281105423924895,5.7203199243701865
846,20.80473504739839,21.652774551115087,4.322763742508078
847,-3.841202180943536,-8.280732331323865,-2.771638896205828
848,-1.6404582250283264,9.75511915056779,8.240269665719426
849,22.06257404800204,23.528904011374337,-2.5463530472729703
850,7.508260155034573,4.004308576563917,-2.715148299751772
851,-13.416501960986531,-18.157985226051505,-3.7666323435854574
852,-11.470803988690406,-10.095227900627993,2.1701362889523557
853,-9.368518582551733,0.7944023984299245,8.555630117267288
854,8.234898581797172,15.482902890807383,3.419492905162512
855,-1.2096683351013153,-2.6864984687757123,-0.7739835470278247
856,-22.63444304889263,-23.154684413867322,-1.3893735480629377
857,23.33227829909667,26.894685087285275,1.347913441890305
858,11.542980020464679,12.68109288982362,2.8550953241458297
859,-3.9828922564151807,-9.545042046201576,-5.241216298169965
860,-35.64491303366242,-29.88105598233475,6.447327833408374
861,-19.361181448290353,-25.777110303268206,-2.287340267985743
862,23.69206409383878,26.342522839365675,5.063944387712576
863,1.732644984069951,4.484812460258997,0.4657784325401192
864,10.196098039991561,6.511941346699249,-5.303984491670473
865,7.485855714746795,12.512814397346633,0.7131900265255184
866,-19.572772795904076,-25.261445723181293,-7.56944584855487
867,-10.99710702491238,-7.949523584130307,0.18450157156622138
868,-4.440875088883086,-10.682687768870421,-5.368312164692315
869,-3.818566029270792,8.168589490981423,10.937682329282909
870,-10.414761638286066,-9.592136983542552,-0.14406678026349398
871,15.149896050110632,22.072244269906093,6.179166421411066
872,-4.590822175085443,-2.641353785951633,3.8489709248276
873,-4.368396536453323,-3.031562352909584,4.886482379679876
874,-15.3524391579386,-18.31770867001729,-5.64144418572669
875,-8.786858658098037,-2.9268823005303313,4.2830121490799415
876,28.32938176994454,23.206556154357013,-1.3277642974614736
877,-8.264959682640898,-14.469973092914662,-5.415026548630608
878,-18.177840573004744,-22.448159782473226,-4.299026885240792
879,-12.773878554946831,-17.2205761516432,-5.587018728870255
880,15.335205051492668,20.278725540843237,5.839901840706991
881,-3.4453000331277126,-1.7972691222957824,3.5382265679072153
882,9.122735769407132,14.070582071193424,2.0790552364354804
883,-17.885632257666064,-30.130167712872364,-11.535063718411996
884,-28.647891623633782,-21.01920313951933,5.511850052683338
885,-47.79321655498327,-38.40851115536636,6.00135205980734
886,9.223659119984987,9.991517548263323,-3.775423246496037
887,2.50394445043011,-3.3333806382644005,-2.5208577415189275
888,18.456257227566997,21.75524246321879,1.4687340251937075
889,-11.269807970150126,-13.991226165989865,-5.006806103243586
890,-6.409316809845008,-7.976708583581676,-5.505324750613355
891,9.190248871878289,11.325980562399293,2.399877166602993
892,-16.134533847559545,-23.178092869011238,-5.922820826328707
893,1.0413448380636157,5.495676361931021,4.135437814830531
894,-7.4263758524181664,-12.846196167913496,-1.4364745211297696
895,8.200794816100414,11.482547156401727,7.096078903657849
896,0.4341250239705253,2.272445191203353,0.42019439754005317
897,23.973959655724922,27.59193427414923,4.548870556188995
898,30.640744254554857,38.1652649140929,6.854432477054146
899,24.87195213725973,33.41649259068522,6.589243544069228
900,-8.757718190394357,-5.580854090312398,-0.24303039086147926
901,-17.42472761626932,-17.369156478443504,-0.7095974031513571
902,32.999863305698625,29.25402748691308,-1.9805630964927863
903,-0.40669156487456143,7.791531335652262,7.08919632868553
904,-3.1788701203812324,-5.229831341722634,-0.9064580426201929
905,-28.6184695549921,-29.198297428863142,-3.1660747263339224
906,34.4970978114278,31.253095624124764,-1.2983513179557051
907,-33.201133680276065,-31.020536474287095,1.545530409992228
908,-49.055256125092065,-49.0478070166537,2.058140518248783
909,22.404430390849686,28.60474544579993,7.0905044284771215
910,-25.62625496542303,-18.468514022175356,7.142996326634251
911,4.444317357017546,1.9777405850027314,0.03836950856433119
912,8.303185950380346,13.814514199470072,2.53102324552217
913,20.629048491318404,24.347026028903375,3.960373133344106
914,-20.204782591628863,-25.670643325720246,-4.113907380293216
915,25.36291025001371,30.982889891549128,2.573628515824945
916,-20.323705334174008,-29.66069103062811,-6.723245376666076
917,-8.312020479182797,1.8529851691916341,9.054089918126621
918,-1.5619433715852007,5.447803066088211,6.799465963384628
919,-9.81114731997168,-22.24599114916998,-8.161036684636816
920,11.761716992962597,2.5270864907954644,-6.389620910808234
921,5.024997515925328,2.960457564583262,1.6574794365830803
922,33.017483242428256,41.32730654684099,9.621081316014397
923,-14.473748134413864,-5.111835338120519,7.16727421723521
924,10.547840802553667,8.268987665247922,3.190820540816812
925,1.4230297644273013,5.642467602488008,5.401252709277862
926,43.90617612010787,47.21576696666,1.5626776918640664
927,-17.66889457133239,-30.911827499907943,-14.597526812236087
928,-1.4583986014981212,0.4614592945956188,1.9643724916497096
929,4.398244578771197,8.889390779295985,3.0091312496488634
930,-6.539324138957503,-3.178719307185608,5.017303420481297
931,7.903175322645897,11.623253163896381,5.2508943417496905
932,11.736533615983076,6.905880343457197,-6.152944125750608
933,-14.157614507291708,-17.974569743913126,-4.6391301913743455
934,-14.847307609867851,-19.07943986216429,0.35727828524383853
935,17.399382839662987,4.340384104176709,-14.923984695551955
936,-0.28450253870423003,3.2729763813514015,6.162418041539649
937,9.205374935590134,16.006955742704566,3.949833143636142
938,-4.882939988248189,-1.5647613603631556,7.433802782751229
939,6.150188502297767,11.918888548795998,2.2691649838279924
940,3.3413854626062824,5.990438276374731,2.950950484841522
941,-1.5724917141553079,-6.020697784462546,-3.1787033406743794
942,-19.959048982398077,-14.438375765709342,0.9994215883588593
943,-10.536538483936205,-3.353518428434553,5.151678407722391
944,-16.224621498223463,-17.574440923785897,-2.4502908496153935
945,43.79497531294326,34.90774778349321,-7.631967579241394
946,13.495144872317626,9.49335723018947,0.3979819577431247
947,9.305265498044111,7.668304657163413,-1.3141645967086308
948,13.54924405183495,25.40480321617227,11.749264229290894
949,49.95413060114995,44.48593124521478,0.9491028931678773
950,29.528244974514987,30.678447468605633,7.353099270471194
951,-1.327544355666975,-6.836390032756684,-3.5839604427084994
952,-13.386591063268275,-12.13748544500532,-0.770440756404219
953,-0.9234767687774618,-0.49924399233848005,3.141583911122191
954,-21.17002860457828,-31.576088810361945,-10.471495311842467
955,14.162598518128572,15.873278777316083,2.9993168463159856
956,16.572258546739544,16.168804667514582,2.046068467427262
957,39.64626199094471,40.76189277185527,1.9629866572446442
958,-44.80428689569645,-46.078077492409385,-2.556786169093622
959,-27.760166084946462,-20.504791360486617,10.000916526660715
960,42.08496988466324,41.60130913361774,2.5772247695974118
961,4.71037547485725,12.090968164801753,6.835505642774603
962,-6.628995901895869,-2.1783422213901344,1.3471862919650028
963,15.333715105268343,17.216938150012698,-3.2933897333767055
964,-23.741416214346444,-23.075823161712805,0.8982818078084787
965,-3.2221629789742785,-5.471062730491837,-1.8065054427645553
966,-14.791942735815047,-20.73697434184519,-4.856235579478092
967,-19.07387041384159,-14.682696023288692,4.2503429259603935
968,-5.6346716936684365,-4.508374970962816,4.4951196763587
969,-13.300323073758987,-17.317204421785064,-4.895935752981903
970,38.82479304600862,37.583039620844005,-1.7822784903495434
971,-31.87625616396327,-24.800770487785673,7.608151516148928
972,5.954099670753552,5.419836987559088,-0.9088617006858399
973,41.22212043663989,39.21422925692776,-6.366640157633962
974,-55.583633428164966,-51.0970339130146,0.8037526341196746
975,4.891093231337695,4.532380502143758,1.711638421209619
976,-9.794465507853701,-13.300247148390367,-5.39300090298611
977,-10.764144261333282,-1.1794741360887997,2.704387957561993
978,-18.712990187343,-21.6027962764693,-4.058118351014741
979,7.436868018538661,0.04948154555732126,-6.050249254692013
980,30.495129395323676,30.957872783325172,2.3735309894708747
981,-3.2645410619667317,-6.343125413112602,-5.868456571651478
982,-48.76852835010701,-44.58507380927789,-0.0028883276329823016
983,32.896443945471205,33.19844275734689,5.037244538573235
984,-0.05398493579892594,3.652585667952226,-0.7989762004940748
985,-17.068902696468744,-17.033046803753162,-1.6092400858683522
986,-1.4098595460311916,-2.3673012481511737,4.878368368527537
987,29.63576463285064,25.994076585333996,-1.399448258042991
988,-2.510509692179732,3.5149449942454707,2.285152623036139
989,-18.592120128675933,-18.333774227727524,2.7508487173687355
990,-9.242256859891013,-15.714678158589303,-6.927561716794092
991,-18.76459621075781,-13.403753055273942,9.58712767793132
992,43.215011223738536,37.77185051186395,1.4116613304043342
993,-3.7846654264005535,-13.664902571428632,-4.388575716891608
994,1.3550276268398513,9.241754407444958,10.130258721452606
995,-16.404459399727628,-14.178430147885017,0.4854992469216196
996,0.24784184793413921,-0.2981431597121721,2.8943542357591383
997,18.20817575550348,18.922661685537793,-1.1565423928989604
998,16.030798890316632,20.211189628396376,4.898265802693232
999,4.688359045707699,4.750659694960631,0.35724608541614034
